delete from public.admin_menu;
INSERT INTO public.admin_menu(id, title, url, father_id) VALUES (1,  '权限管理',       null,                   null);
INSERT INTO public.admin_menu(id, title, url, father_id) VALUES (11, '系统参数',    '/ui/admin/sysparam',   1);
INSERT INTO public.admin_menu(id, title, url, father_id) VALUES (12, '个人信息',    '/ui/admin/info',       1);
INSERT INTO public.admin_menu(id, title, url, father_id) VALUES (13, '功能菜单',    '/ui/admin/adminmenu',  1);
INSERT INTO public.admin_menu(id, title, url, father_id) VALUES (14, '角色管理',    '/ui/admin/role',       1);
INSERT INTO public.admin_menu(id, title, url, father_id) VALUES (15, '用户管理',    '/ui/admin/enduser',    1);

INSERT INTO public.admin_menu(id, title, url, father_id) VALUES (2,  '我的创作',       null,                   null);
INSERT INTO public.admin_menu(id, title, url, father_id) VALUES (22, '博客管理',       '/ui/admin/blog',       2);


delete from public.role;
INSERT INTO public.role(id, role_name) VALUES (1, 'ADMIN');
INSERT INTO public.role(id, role_name) VALUES (2, 'USER');
INSERT INTO public.role(id, role_name) VALUES (3, 'GUEST');


delete from public.role_menu_relation;
INSERT INTO public.role_menu_relation(role_id, menu_id) VALUES (1, 11);
INSERT INTO public.role_menu_relation(role_id, menu_id) VALUES (1, 12);
INSERT INTO public.role_menu_relation(role_id, menu_id) VALUES (1, 13);
INSERT INTO public.role_menu_relation(role_id, menu_id) VALUES (1, 14);
INSERT INTO public.role_menu_relation(role_id, menu_id) VALUES (1, 15);
INSERT INTO public.role_menu_relation(role_id, menu_id) VALUES (1, 22);

INSERT INTO public.role_menu_relation(role_id, menu_id) VALUES (2, 11);
INSERT INTO public.role_menu_relation(role_id, menu_id) VALUES (2, 22);


delete from public.end_user;
INSERT INTO public.end_user(id, password, username) VALUES (1, '$2a$10$oowG1v7D14PWZXPlfTd3hu0q3XnuSq0xT4QYwnyFJbMebUW6Wz.9C', '老伍');
INSERT INTO public.end_user(id, password, username) VALUES (2, '$2a$10$oowG1v7D14PWZXPlfTd3hu0q3XnuSq0xT4QYwnyFJbMebUW6Wz.9C', 'guest');


delete from public.enduser_role_relation;
INSERT INTO public.enduser_role_relation(enduser_id, role_id) VALUES (1, 1);
INSERT INTO public.enduser_role_relation(enduser_id, role_id) VALUES (1, 2);
INSERT INTO public.enduser_role_relation(enduser_id, role_id) VALUES (1, 3);
INSERT INTO public.enduser_role_relation(enduser_id, role_id) VALUES (2, 3);


delete from public.system_parameter;
INSERT INTO public.system_parameter(id, key, value) VALUES ('2c90ae316b0e9ad7016b0edeb3ee0000', 'run.yiqi.blog.name',        '易启个人博客');
INSERT INTO public.system_parameter(id, key, value) VALUES ('2c90ae316b0e9ad7016b0ee4c5200001', 'run.yiqi.meta.description', 'Java平台技术博客');
INSERT INTO public.system_parameter(id, key, value) VALUES ('2c90ae316b0e9ad7016b0ee6357e0002', 'run.yiqi.meta.keywords',    'java, 大数据, 人工智能, spring框架, vuejs, hadoop, spring cloud');
INSERT INTO public.system_parameter(id, key, value) VALUES ('2c90ae316b0e9ad7016b0ee76ec60003', 'run.yiqi.icon',             'data:image/x-icon;base64,AAABAAEAMDAAAAEAIACoJQAAFgAAACgAAAAwAAAAYAAAAAEAIAAAAAAAACQAAMMOAADDDgAAAAAAAAAAAAD///////////////////////////////////////////////////////////f+///v8f7/7+T9//v4/v//////////////////////////////////////+v///+/3///k5P3/4d/9/+Hg/f/h4P3/4eD9/+Hg/f/h4P3/4eD9/+Hg/f/h4P3/4eD9/+Hg/f/h4P3/4+H9//Lp/P/79v7//////////////////////////////////////////////////////////////////////////////////////////////////f7//8rz//+bpvv/mFf0/+XT+P////3/////////////////////////////////3/n//53L/f9WWfX/RTzx/0hB8P9IQfD/SEHw/0hB8P9IQfD/SEHw/0hB8P9IQfD/SEHw/0hB8P9FP/D/U0fw/6t38P/nxPf////////////////////////////////////////////////////////////////////////////////////////////z/P//xun//3qa+v9HRfP/VCfv/8me8//75fr////////////J5P//lLL7/4aE9f+DgPX/bXn1/0Vb9P8dGu//Ewrs/xUN7P8VDez/FQ3s/xUN7P8VDez/FQ3s/xUN7P8VDez/FQ3s/xUN7P8TDOz/HhDs/18p6/+8jfP///D7///9/v/////////////////////////////////////////////////////////////////////////////////v+///teL//1hy+P8fJPH/Mibt/6dp7//rxff/8fr+/8zX/f91nPr/Mlb0/yEa7f8rEez/Qy7u/1lR8P9bVfH/XFby/1xW8v9dVvL/Xljy/19Z8v9fWfL/X1ny/19Z8v9fWfL/X1ny/11Y8v9bV/L/XlXy/3BR8f+6mPX//+v6///8/v/////////////////////////////////////////////////////////////////////////////////+////9Pr//4u7/f84Zfb/MCTu/34+7f/CpfT/utr7/0do+P8nM/H/JCDt/yod7f9dG+3/rXzy//Dv+f/w7/3/8O/+/+/v/v/s7v7/6Oj9/+bl/f/m5f3/5uX9/+bl/f/m5f3/5+b9/+zp/f/v7f3/8O/+//Lv/v/59v7///3//////////////////////////////////////////////////////////////////////////////////////////////f7//7Li//9di/n/KiHw/z0i7f9URu//UVfx/yct8P8gHe7/IBjt/zAj7f+na/D/68P3/////v////////////f////C7f//hJD5/2hg9P9rZvP/a2bz/2tm8/9pZPP/b2jz/8Oe9P//3fn//////////////////////////////////////////////////////////////////////////////////////////////////////////////////f7//9X3//+Cqvv/KDDz/x8c7v8dF+3/HBTs/yAV7P8jGe3/Hxnt/zMn7f/KlPH//+L5////////////4vP//7HR/f9skPj/MTjy/xYN7v8WDuz/Fg7s/xYN7P8VDez/HhLs/2lF7v+qe/L/z634//Tt/P////7//////////////////////////////////////////////////////////////////////////////////////////////////v////H///+fw/3/KU72/yEl7/8pGe3/LyHt/zIx7v8qJu7/Hxjt/zMn7f/GkPH//9/4////////////stz//1uN+v8rKO7/Jhnt/zIl7f8/NO7/Pzjv/z847/86Ne//Kyzv/yQi7v87GO3/eTLu/+DH9v//+/z///////////////////////////////////////////////////////////////////////////////////////////////////////3///+wzv3/KWj4/yAs8P9DFOz/bzvv/4Gm9v9LXvP/HBTv/zMn7v/HkfH//+D5////////////oc3+/0N5+P8oI+7/NxTs/4FZ8P/WvPb/2NP7/9jX/P+5xfv/VIf5/ys88f8hE+z/RCrt/9Kg8v//5/r////////////////////////////////////////////////////////////////////////////////////////////////////////////F3/7/UZL7/yk28P9WHuz/llnw/5zP+f9Ub/b/HhTw/ysh7f9vUu//h3Xy/5OJ9f/AmvX/h5/5/z939/8qJO7/TBPs/6Zw8f//9fn////+///////j9f//cbL+/zVM8/8XEez/Kx/t/65v7v/uyPf////////////////////////////////////////////////////////////////////////////////////////////////////////////S7P//cq/9/zA78f9JH+z/hFnv/5a5+P9TZPX/IBfw/yMc7f8eGO3/GBPt/y8a7P+FPOz/dHn0/0F69v8rJO7/WRLs/6908v/9/fr////+///////j9P//iMT//0pQ9P88Je7/YVbw/7GB8f/oyPj////////////////////////////////////////////////////////////////////////////////////////////////////////////T7P//d7H9/zxF8f8qHO3/ST/v/42Q8/9VU/P/IBjw/yUc7f8qIO3/KCHt/z0q7v+NSu7/d3/1/0F69v8rJO7/WBLs/6508f/9/Pr////+///////p+f//pNr//3tc9v+dY/P/7Oj5//fy/P/9+f7////////////////////////////////////////////////////////////////////////////////////////////////////////////x+f//0uX+/77B+/+1s/n/srr6/53B+/9RXvX/HRTv/y4j7f+Sa/D/uKD1/7+4+f/Zw/n/kbD7/z929/8rJO7/WBLs/6508f/9/Pr////+///////4/v//4vT//9bJ/P/lz/v////9////////////////////////////////////////////////////////////////////////////////////////////////////////////////////////////////////////////+f///6rn//9Qaff/GxLv/zMn7v/Ql/H//+r5////////////oM7+/z51+P8rJO7/WRLs/7J28v////r////+/////////////////////////////////////////////////////////////////////////////////////////////////////////////////////////////////////////////v////L4///p7v7/5+b9/+bl/f/n5v3/1+L9/5fJ/f9LXvb/HRTv/zEl7v+0g/H/5sj3/+nm/f/y6v3/mcD9/z91+P8qJO7/UhPs/59q8f/l4/j/5+b8/+fm/f/n5v3/5+b9/+bl/f/u6v3/+/T+//79////////////////////////////////////////////////////////////////////////////////////////////////////////+/3//6PM/v9ghvj/T0rx/01G8P9OR/D/S0fw/z1B8P8sKu//Ihrt/yce7f9DMu7/S0Dv/11N8P+gZ/D/fYv2/0J59/8oJO7/LRjt/z4t7v9OR+//Tkfw/05H8P9OR/D/Tkfw/0lE8P+BaPH/47H1//vu/f//////////////////////////////////////////////////////////////////////////////////////////////////////+vz//4a7/f8tX/b/FhDs/xQL7P8VDOz/Fw3s/x0R7P8iGOz/JB3t/yAb7f8YEu3/EQzs/ygT7P+BNuz/cHX0/zx19v8fHe3/GhLs/xgR7P8VDOz/FQzs/xcN7P8ZD+z/HBTs/xYQ7P9ePu3/25vy//rp/P//////////////////////////////////////////////////////////////////////////////////////////////////////+/3//6fO/v9mi/n/VVHx/1RN8f9VTvH/TUrx/zI68P8mJu7/KRrt/zcf7f9NQe//Uk3w/2NT8f+jbfH/lJn3/2yX+P9XVfL/VEzx/1VO8f9VTvH/VU7x/0pM8f84PfD/JiDu/x0X7f9jRO7/3J7y//rq/P////////////////////////////////////////////////////////////////////////////////////////////////////////////X5///u8v7/7Ov9/+vr/f/r6/3/ztr9/1+X+/8sRfL/NxTs/3Qq7v/MtfX/6+v7/+3r/f/07v3/8/P+/+7z/v/s6/3/6+v9/+vr/f/r6/3/6+v9/8Dh/f93pPv/Lizy/xsT7v9jRO7/3J7y//rq/P//////////////////////////////////////////////////////////////////////////////////////////////////////////////////////////////////////4/L//2am/f8tSvP/ORPs/30r7v/hyPb////8/////////////////////////////////////////////////9P5//+Btfz/Ly7y/xsT7v9jRO7/3J7y//rq/P//////////////////////////////////////////////////////////////////////////////////////////////////////////////////////////////////////5PL//2am/f8tSvP/ORPs/34r7v/hyPb////8/////////////////////////////////////////////////8/0//9/sfz/Ly7y/xsT7v9jRO7/3J7y//rq/P////////////////////////////////////////////////////////////////////////////////////////////////////////////3////1+f//6e3+/+jp/f/p6P3/zNj9/16V+/8sRfL/NhTs/3Iq7v/Ks/X/6Oj6/+ro/f/z7P3/+/f+/////////////////////////////////8/0//9/svz/Ly7y/xsT7v9jRO7/3J7y//rq/P///////////////////////////////////////////////////////////////////////////////////////////////////////v////P///+vzf3/Um34/0xN8v9ORvD/R0Tw/zA28P8mJe7/KBrt/zUf7f9HPO//S0bw/1xM8P+hZ/D/4sP3/////v///////////////////////////9L4//+AtPz/Ly7y/xsT7v9jRO7/3J7y//rq/P////////////////////////////////////////////////////////////////////////////////////////////////////////////f////K3v7/jZ/6/4mK9/+KhfX/e331/0Jb9P8oMfD/Lhjt/00j7f96avH/iIX0/4uH9f+Ti/X/j4n2/4iD9v+KhvX/iob1/4qG9f+KhvX/iob1/3KA9f9KX/T/Ih3v/xQN7f9ePu3/25vy//rp/P//////////////////////////////////////////////////////////////////////////////////////////////////////////////////////////////////////4vH//2Wl/P8tSvP/ORPs/30r7v/gx/b////8//f///+86///dYv5/0tD8/9OR/H/Tkfw/05H8P9OR/D/Tkfw/05H8P9QSPD/UUvx/0xI8f+Da/L/47L1//vu/f//////////////////////////////////////////////////////////////////////////////////////////////////////////////////////////////////////3+3//2Sj/P8tSfP/ORPs/3wr7v/dxPb////8//7////3/P//7vD+/+jn/f/p6P3/6ej9/+no/f/p6P3/6ej9/+no/f/p6P3/6ej9/+jo/f/v7P3/+/X+///9////////////////////////////////////////////////////////////////////////////////////////////////////////////////////////////////////////3uz//1+g/P8mQ/L/Mgvs/3ck7f/bwvX////8////////////////////////////////////////////////////////////////////////////////////////////////////////////////////////////////////////////////////////////////////////////////////////////////////////////////////////////6vP//5nC/f90h/f/fGPz/6hz9P/o2Pn////9/////////////////////////////////////////////////////////////////////////////////////////////////////////////////////////////////////////////////////////////////////////////////////////////////////////////////////////////v7///v8///5+v//+fj+//v5///+/f/////////////////////////////////////////////////////////////////////////////////////////////////////////////////////////////////////////////////////////////////////////////////////////////////////////////////////////////////////////////////////////////////////////////////////////////////////////////////////////////////////////////////////////////////////////////////////////////////////////////////////////////////////////////////////////////////////////////////////////////////////////////////////////////////////////////////////////////////////////////////////////////////////////////////////////////////////////////////////////////////////////////////////////////////////////////////////////////////////////////////////////////////////////////////////////////////////////////////////////////////////////////////////////////////////////////////////////////////////////////////////////////////////////////////////////////////////////////////////////////////////////////////////////////////////////////////////////////////////////////////////////////////////////////////////////////////////////////////////////////////////////////////////////////////////////////////////////////////////////////////////////////////////////////////////////////////////////////////////////////////////////////////////////////////////////////////////////////////////////////////////////////////////////////////////////////////////////////////////////////////////////////////////////////////////////////////////////////////////////////////////////////////////////////////////////////////////////////////////////////////////////////////////////////////////////////////////////////////////////////////////////////////////////////////////////////////////////////////////////////////////////////////////////////////////////////////////////////////////////////////////////////////////////////////////////////////////////////////////////////////////////////////////////////////////////////////////////////////////////////////////////////////////////////////////////////////////////////////////////////////////////////////////////////////////////////////////////////////////////////////////////////////////////////////////////////////////////////////////////////////////////////////////////////////////////////////////////////////////////////////////////////////////////////////////////////////////////////////////////////////////////////////////////////////////////////////////////////////////////////////////////////+////+f7//+Pq/v/X2/3/2Nf8/9jX/P/Y1/z/2Nf8/9jX/P/Y1/z/2Nf8/9jX/P/Y1/z/2Nf8/9jX/P/Y1/z/2Nf8/9jX/P/Y1/z/2Nf8/9jX/P/Y1/z/2Nf8/9jX/P/Y1/z/2Nf8/9jX/P/Y1/z/2tj8/+jc/P/27/3////////////////////////////////////////////////////////////////////////////////////////////7////4Pv//3eY+/86TfX/Pznv/z847/8/OO//Pzjv/z847/8/OO//Pzjv/z847/8/OO//Pzjv/z847/8/OO//Pzjv/z847/8/OO//Pzjv/z847/8/OO//Pzjv/z847/8/OO//Pzjv/z847/89N+//STzv/45U7//VrvX////9///////////////////////////////////////////////////////////////////////////////////////6////2vr//1mC+v8PJ/P/Fg/s/xYN7P8WDez/Fg3s/xYN7P8WDez/Fg3s/xYN7P8WDez/Fg3s/xYN7P8WDez/Fg3s/xYN7P8WDez/Fg3s/xYN7P8WDez/Fg3s/xYN7P8WDez/Fg3s/xYN7P8TDOz/IRLs/3Yw7P/MnPP////9///////////////////////////////////////////////////////////////////////////////////////8////5/z//5Kt/P9icff/ZmLz/2Zg8v9mYfL/ZmHy/2Zh8v9mYfL/ZmHy/2Zh8v9mYfL/ZmHy/2Zh8v9mYfL/ZmHy/2Zh8v9mYfL/ZmHy/2Zh8v9mYfL/ZmHy/2Zh8v9mYfL/ZmHy/2Zh8v9kYPL/bmTy/6Z38v/evvf////9/////////////////////////////////////////////////////////////////////////////////////////////f////j6///19v7/9vX+//b1/v/29f7/9vX+//b1/v/29f7/9vX+//b1/v/29f7/9vX+//b1/v/29f7/9vX+//b1/v/29f7/9vX+//b1/v/29f7/9vX+//b1/v/29f7/9vX+//b1/v/19f7/9vX+//n3/v/9+/////////////////////////////////////////////////////////////////////////////////////////////////////////////////////////////////////////////////////////////////////////////////////////////////////////////////////////////////////////////////////////////////////////////////////////////////////////////////////////////////////////////////////////////////////////////////////////////////////////////////////////////////////////////////////////////////////////////////////////////////////////////////////////////////////////////////////////////////////////////////////////////////////////////////////////////////////////////////////////////////////////////////////////////////////////////////////////////////////////////////////////////////////////////////////////////////////////////////////////////////////////////////////////////////////////////////////////////////////////////////////////////////////////////////////////////////////////////////////////////////////////////////////////////////////////////////////////////////////////////////////////////////////////////////////////////////////////////////////////////////////////////////////////////////////////////////////////////////////////////////////////////////////////////////////////////////////////////////////////////////////////////////////////////////////////////8AAAAAAAAAAAAAAAAAAAAAAAAAAAAAAAAAAAAAAAAAAAAAAAAAAAAAAAAAAAAAAAAAAAAAAAAAAAAAAAAAAAAAAAAAAAAAAAAAAAAAAAAAAAAAAAAAAAAAAAAAAAAAAAAAAAAAAAAAAAAAAAAAAAAAAAAAAAAAAAAAAAAAAAAAAAAAAAAAAAAAAAAAAAAAAAAAAAAAAAAAAAAAAAAAAAAAAAAAAAAAAAAAAAAAAAAAAAAAAAAAAAAAAAAAAAAAAAAAAAAAAAAAAAAAAAAAAAAAAAAAAAAAAAAAAAAAAAAAAAAAAAAAAAAAAAAAAAAAAAAAAAAAAAAAAAAAAAAAAAAAAAAAAAAAAAAAAAAAAAAAAAAAAAAAAAAAAAAAAAAAAAAAAAAAAAAAAAAAAAAAAAAAAAAAAAAAAAAAAAAAAAAAAAAAAAAAAAAAAAAAAAAAAAAAAAAAAAAAAAAAAAAAAAAAAAAAAAAAAAAAAAAAAAAAAAAAAAAAAAAAAAAAAAAAAAA=');
INSERT INTO public.system_parameter(id, key, value) VALUES ('2c90ae316b0e9ad7016b0ee80acd0004', 'run.yiqi.rights',           'Copyright@2018-2019. All Rights Reserved. ');
INSERT INTO public.system_parameter(id, key, value) VALUES ('2c90ae316b0e9ad7016b1058cc8d0005', 'run.yiqi.register',         '备案号：苏ICP备19004042号');
INSERT INTO public.system_parameter(id, key, value) VALUES ('2c90ae316b0e9ad7016b105b64dd0007', 'run.yiqi.contact',          'Email: 33865122@qq.com');






